split,id,seed,sim_neutral_stereotype,sim_neutral_anti_stereotype,sim_stereotype_anti_stereotype
crowspairs,2,0,0.977539,0.912598,0.914062
crowspairs,2,1,0.931152,0.883789,0.886719
crowspairs,2,2,0.973633,0.949219,0.95166
crowspairs,9,0,0.938965,0.930664,0.946777
crowspairs,9,1,0.967773,0.951172,0.962891
crowspairs,9,2,0.982422,0.964355,0.978027
crowspairs,12,0,0.913574,0.895508,0.964844
crowspairs,12,1,0.838379,0.833008,0.864746
crowspairs,12,2,0.918457,0.899902,0.955566
crowspairs,14,0,0.976562,0.936035,0.927246
crowspairs,14,1,0.956543,0.92627,0.934082
crowspairs,14,2,0.968262,0.936035,0.92334
crowspairs,19,0,0.952148,0.990234,0.96582
crowspairs,19,1,0.951172,0.933105,0.979004
crowspairs,19,2,0.959473,0.987793,0.958984
crowspairs,20,0,0.81543,0.8125,0.927734
crowspairs,20,1,0.818359,0.797363,0.938477
crowspairs,20,2,0.839355,0.816895,0.952637
crowspairs,24,0,0.729004,0.898438,0.754883
crowspairs,24,1,0.835938,0.948242,0.836426
crowspairs,24,2,0.819824,0.911133,0.817871
crowspairs,26,0,0.835449,0.792969,0.829102
crowspairs,26,1,0.76416,0.725098,0.71875
crowspairs,26,2,0.709961,0.656738,0.656738
crowspairs,30,0,0.777832,0.739746,0.927734
crowspairs,30,1,0.820801,0.80127,0.942383
crowspairs,30,2,0.699219,0.706055,0.86377
crowspairs,38,0,0.990234,0.858398,0.868164
crowspairs,38,1,0.927734,0.96875,0.893066
crowspairs,38,2,0.837402,0.992676,0.84082
crowspairs,41,0,0.978516,0.867676,0.855469
crowspairs,41,1,0.959961,0.852051,0.853516
crowspairs,41,2,0.913574,0.759766,0.78418
crowspairs,45,0,0.954102,0.844727,0.867676
crowspairs,45,1,0.762207,0.555664,0.624512
crowspairs,45,2,0.943848,0.876465,0.902344
crowspairs,51,0,0.781738,0.844727,0.782715
crowspairs,51,1,0.791992,0.804688,0.76416
crowspairs,51,2,0.799316,0.8125,0.764648
crowspairs,52,0,0.878418,0.933105,0.920898
crowspairs,52,1,0.854492,0.877441,0.907227
crowspairs,52,2,0.914062,0.924316,0.887207
crowspairs,58,0,0.799316,0.937012,0.836914
crowspairs,58,1,0.894043,0.907227,0.851074
crowspairs,58,2,0.970703,0.965332,0.983398
crowspairs,69,0,0.838379,0.724121,0.782715
crowspairs,69,1,0.788086,0.752441,0.736816
crowspairs,69,2,0.713867,0.719727,0.655762
crowspairs,70,0,0.91748,0.949219,0.916504
crowspairs,70,1,0.979492,0.943848,0.93457
crowspairs,70,2,0.972168,0.96875,0.965332
crowspairs,71,0,0.929688,0.657715,0.650391
crowspairs,71,1,0.868164,0.745117,0.658203
crowspairs,71,2,0.874023,0.751465,0.692871
crowspairs,72,0,0.959961,0.884277,0.876953
crowspairs,72,1,0.910156,0.836426,0.892578
crowspairs,72,2,0.746582,0.754883,0.818848
crowspairs,75,0,0.947754,0.904297,0.958496
crowspairs,75,1,0.95166,0.962891,0.986816
crowspairs,75,2,0.860352,0.986816,0.867188
crowspairs,78,0,0.84082,0.922363,0.829102
crowspairs,78,1,0.894043,0.870117,0.859863
crowspairs,78,2,0.874023,0.859863,0.893066
crowspairs,81,0,0.787598,0.74707,0.977539
crowspairs,81,1,0.790039,0.794434,0.994141
crowspairs,81,2,0.77832,0.745605,0.97998
crowspairs,82,0,0.768066,0.751953,0.671875
crowspairs,82,1,0.790527,0.892578,0.743164
crowspairs,82,2,0.817871,0.943359,0.789551
crowspairs,85,0,0.8125,0.804688,0.719727
crowspairs,85,1,0.751953,0.766602,0.678223
crowspairs,85,2,0.873047,0.821777,0.776855
crowspairs,96,0,0.900391,0.935059,0.817383
crowspairs,96,1,0.812988,0.96875,0.775879
crowspairs,96,2,0.776367,0.965332,0.749023
crowspairs,97,0,0.810547,0.805176,0.980469
crowspairs,97,1,0.938477,0.938477,0.986328
crowspairs,97,2,0.916016,0.899902,0.977051
crowspairs,99,0,0.862793,0.901855,0.854004
crowspairs,99,1,0.968262,0.867188,0.868164
crowspairs,99,2,0.867676,0.844727,0.859375
crowspairs,108,0,0.959961,0.864746,0.860352
crowspairs,108,1,0.933105,0.872559,0.888672
crowspairs,108,2,0.939453,0.887695,0.880859
crowspairs,109,0,0.956055,0.904297,0.901855
crowspairs,109,1,0.936523,0.9375,0.957031
crowspairs,109,2,0.932617,0.937988,0.95752
crowspairs,110,0,0.953125,0.880371,0.858398
crowspairs,110,1,0.960938,0.871094,0.871582
crowspairs,110,2,0.963867,0.871094,0.830566
crowspairs,111,0,0.92041,0.859863,0.814941
crowspairs,111,1,0.92041,0.825195,0.803223
crowspairs,111,2,0.912598,0.819824,0.794922
crowspairs,112,0,0.993652,0.970703,0.965332
crowspairs,112,1,0.980957,0.966797,0.956055
crowspairs,112,2,0.968262,0.938965,0.961426
crowspairs,113,0,0.951172,0.803711,0.778809
crowspairs,113,1,0.966797,0.813965,0.830078
crowspairs,113,2,0.97168,0.872559,0.841797
crowspairs,114,0,0.562988,0.400146,0.552734
crowspairs,114,1,0.717773,0.515625,0.569824
crowspairs,114,2,0.772949,0.624023,0.621582
crowspairs,115,0,0.681641,0.44043,0.510742
crowspairs,115,1,0.706055,0.615723,0.654297
crowspairs,115,2,0.613281,0.561523,0.575195
crowspairs,116,0,0.985352,0.962402,0.953613
crowspairs,116,1,0.974609,0.966797,0.959961
crowspairs,116,2,0.976074,0.964355,0.961426
crowspairs,120,0,0.987793,0.944824,0.950684
crowspairs,120,1,0.97998,0.94043,0.946777
crowspairs,120,2,0.98584,0.928223,0.925781
crowspairs,126,0,0.93457,0.900879,0.927246
crowspairs,126,1,0.958984,0.887207,0.874023
crowspairs,126,2,0.943359,0.899414,0.924805
crowspairs,128,0,0.984863,0.965332,0.97168
crowspairs,128,1,0.96875,0.955078,0.95459
crowspairs,128,2,0.943848,0.973633,0.936523
crowspairs,130,0,0.610352,0.964355,0.615234
crowspairs,130,1,0.821289,0.881836,0.659668
crowspairs,130,2,0.88916,0.899902,0.912109
crowspairs,131,0,0.739746,0.802734,0.739258
crowspairs,131,1,0.788574,0.734863,0.772461
crowspairs,131,2,0.614746,0.73877,0.835449
crowspairs,132,0,0.982422,0.895508,0.911133
crowspairs,132,1,0.979492,0.933594,0.9375
crowspairs,132,2,0.992188,0.935547,0.942383
crowspairs,143,0,0.98291,0.974121,0.958496
crowspairs,143,1,0.983398,0.963867,0.953125
crowspairs,143,2,0.96582,0.941895,0.9375
crowspairs,148,0,0.974121,0.92334,0.902832
crowspairs,148,1,0.977051,0.943359,0.94873
crowspairs,148,2,0.994141,0.92627,0.914551
crowspairs,149,0,0.739746,0.839355,0.751953
crowspairs,149,1,0.813965,0.845215,0.796387
crowspairs,149,2,0.710938,0.77832,0.755859
crowspairs,150,0,0.936523,0.959473,0.912598
crowspairs,150,1,0.92334,0.951172,0.903809
crowspairs,150,2,0.904297,0.941895,0.904297
crowspairs,152,0,0.878418,0.929199,0.87793
crowspairs,152,1,0.918457,0.978516,0.92627
crowspairs,152,2,0.945801,0.992188,0.952148
crowspairs,154,0,0.938477,0.910156,0.947266
crowspairs,154,1,0.949707,0.914551,0.9375
crowspairs,154,2,0.948242,0.976074,0.949707
crowspairs,157,0,0.895996,0.734375,0.800781
crowspairs,157,1,0.875977,0.787109,0.805176
crowspairs,157,2,0.947754,0.788086,0.799316
crowspairs,158,0,0.628906,0.582031,0.895996
crowspairs,158,1,0.859863,0.677246,0.681152
crowspairs,158,2,0.775879,0.729492,0.804199
crowspairs,159,0,0.811035,0.893555,0.661621
crowspairs,159,1,0.861328,0.895508,0.836914
crowspairs,159,2,0.914062,0.963867,0.906738
crowspairs,160,0,0.98877,0.955566,0.941895
crowspairs,160,1,0.972656,0.944824,0.935547
crowspairs,160,2,0.986816,0.947754,0.9375
crowspairs,166,0,0.914551,0.88623,0.852539
crowspairs,166,1,0.835449,0.880859,0.795898
crowspairs,166,2,0.926758,0.907715,0.864258
crowspairs,168,0,0.780273,0.876953,0.816406
crowspairs,168,1,0.769531,0.771973,0.895508
crowspairs,168,2,0.739258,0.808594,0.937012
crowspairs,174,0,0.863281,0.865234,0.848145
crowspairs,174,1,0.878906,0.817383,0.86084
crowspairs,174,2,0.875977,0.854004,0.944336
crowspairs,175,0,0.875488,0.842285,0.820801
crowspairs,175,1,0.871582,0.883789,0.921387
crowspairs,175,2,0.842285,0.833496,0.895508
crowspairs,178,0,0.910156,0.937988,0.939453
crowspairs,178,1,0.840332,0.973145,0.875977
crowspairs,178,2,0.837402,0.956543,0.851562
crowspairs,180,0,0.936035,0.879395,0.953125
crowspairs,180,1,0.94043,0.891113,0.954102
crowspairs,180,2,0.895996,0.862793,0.945801
crowspairs,188,0,0.787109,0.911133,0.737305
crowspairs,188,1,0.796875,0.883301,0.769531
crowspairs,188,2,0.848145,0.818359,0.733398
crowspairs,191,0,0.832031,0.817871,0.714355
crowspairs,191,1,0.821289,0.804199,0.820801
crowspairs,191,2,0.806641,0.89502,0.812012
crowspairs,192,0,0.890137,0.852539,0.757324
crowspairs,192,1,0.836426,0.875977,0.771973
crowspairs,192,2,0.893066,0.902832,0.859863
crowspairs,197,0,0.942383,0.921875,0.953125
crowspairs,197,1,0.959961,0.781738,0.799316
crowspairs,197,2,0.79834,0.756836,0.837402
crowspairs,199,0,0.996582,0.946289,0.952637
crowspairs,199,1,0.981445,0.96875,0.949707
crowspairs,199,2,0.997559,0.926758,0.929199
crowspairs,208,0,0.962891,0.912598,0.885742
crowspairs,208,1,0.962891,0.922852,0.890625
crowspairs,208,2,0.992188,0.938965,0.92627
crowspairs,209,0,0.911133,0.962891,0.898926
crowspairs,209,1,0.90332,0.944336,0.881836
crowspairs,209,2,0.878418,0.927734,0.890137
crowspairs,213,0,0.959473,0.92334,0.918945
crowspairs,213,1,0.926758,0.848633,0.852051
crowspairs,213,2,0.970215,0.951172,0.92041
crowspairs,216,0,0.944336,0.931152,0.900391
crowspairs,216,1,0.94873,0.87793,0.843262
crowspairs,216,2,0.935547,0.94873,0.904785
crowspairs,217,0,0.930176,0.800781,0.750488
crowspairs,217,1,0.974609,0.797852,0.811523
crowspairs,217,2,0.971191,0.822266,0.834473
crowspairs,218,0,0.904785,0.915527,0.928711
crowspairs,218,1,0.902832,0.937012,0.919922
crowspairs,218,2,0.915527,0.93457,0.912109
crowspairs,219,0,0.782715,0.841309,0.693848
crowspairs,219,1,0.869629,0.789062,0.737305
crowspairs,219,2,0.878906,0.882812,0.773438
crowspairs,221,0,0.971191,0.834961,0.836426
crowspairs,221,1,0.978027,0.916992,0.932129
crowspairs,221,2,0.982422,0.875488,0.874023
crowspairs,228,0,0.84375,0.669922,0.624023
crowspairs,228,1,0.858398,0.712891,0.677734
crowspairs,228,2,0.836914,0.777344,0.69873
crowspairs,230,0,0.973145,0.918945,0.914551
crowspairs,230,1,0.960938,0.868164,0.871094
crowspairs,230,2,0.98291,0.85498,0.857422
crowspairs,233,0,0.930176,0.848145,0.799805
crowspairs,233,1,0.912598,0.793457,0.776855
crowspairs,233,2,0.922852,0.624023,0.673828
crowspairs,234,0,0.989258,0.958984,0.962891
crowspairs,234,1,0.95752,0.938477,0.966309
crowspairs,234,2,0.97168,0.953613,0.955566
crowspairs,238,0,0.756348,0.918457,0.775391
crowspairs,238,1,0.795898,0.859863,0.816406
crowspairs,238,2,0.84375,0.869629,0.820312
crowspairs,239,0,0.913086,0.793457,0.779297
crowspairs,239,1,0.959961,0.84668,0.851074
crowspairs,239,2,0.95752,0.80127,0.767578
crowspairs,246,0,0.785156,0.713867,0.834961
crowspairs,246,1,0.913086,0.810547,0.819336
crowspairs,246,2,0.92334,0.819336,0.847168
crowspairs,248,0,0.968262,0.975586,0.956055
crowspairs,248,1,0.972168,0.964355,0.958984
crowspairs,248,2,0.98584,0.980469,0.967773
crowspairs,249,0,0.847656,0.846191,0.845703
crowspairs,249,1,0.893555,0.844727,0.879395
crowspairs,249,2,0.722168,0.782715,0.678711
crowspairs,253,0,0.800781,0.780273,0.95459
crowspairs,253,1,0.869141,0.87793,0.908691
crowspairs,253,2,0.877441,0.861816,0.852051
crowspairs,254,0,0.888184,0.961914,0.916992
crowspairs,254,1,0.922852,0.95166,0.886719
crowspairs,254,2,0.897461,0.92627,0.863281
crowspairs,259,0,0.964355,0.937012,0.929199
crowspairs,259,1,0.98291,0.947754,0.942871
crowspairs,259,2,0.989258,0.962891,0.963867
crowspairs,264,0,0.857422,0.930664,0.832031
crowspairs,264,1,0.875977,0.87207,0.880859
crowspairs,264,2,0.944336,0.907715,0.914062
crowspairs,267,0,0.781738,0.838379,0.816406
crowspairs,267,1,0.938965,0.85498,0.858398
crowspairs,267,2,0.876953,0.799805,0.882324
crowspairs,268,0,0.952637,0.872559,0.900879
crowspairs,268,1,0.907227,0.871094,0.916016
crowspairs,268,2,0.972656,0.872559,0.898438
crowspairs,269,0,0.925293,0.965332,0.937988
crowspairs,269,1,0.919922,0.90625,0.87207
crowspairs,269,2,0.923828,0.966797,0.926758
crowspairs,278,0,0.70752,0.712891,0.76416
crowspairs,278,1,0.897949,0.576172,0.579102
crowspairs,278,2,0.661621,0.592285,0.625
crowspairs,281,0,0.717773,0.595215,0.499756
crowspairs,281,1,0.512207,0.57373,0.4729
crowspairs,281,2,0.785645,0.561523,0.494873
crowspairs,288,0,0.75,0.75,1.0
crowspairs,288,1,0.92334,0.92334,0.999512
crowspairs,288,2,0.764648,0.755371,0.955566
crowspairs,290,0,0.996582,0.996094,0.99707
crowspairs,290,1,0.994629,0.990234,0.992188
crowspairs,290,2,0.98877,0.986816,0.984375
crowspairs,291,0,0.661621,0.878418,0.658203
crowspairs,291,1,0.522949,0.859863,0.583008
crowspairs,291,2,0.45752,0.723145,0.552246
crowspairs,293,0,0.928711,0.842285,0.82666
crowspairs,293,1,0.85791,0.844238,0.805176
crowspairs,293,2,0.901367,0.770508,0.790039
crowspairs,297,0,0.822754,0.870605,0.791504
crowspairs,297,1,0.960449,0.79248,0.821289
crowspairs,297,2,0.868164,0.737305,0.706543
crowspairs,299,0,0.913574,0.973633,0.888672
crowspairs,299,1,0.940918,0.926758,0.913574
crowspairs,299,2,0.964844,0.879395,0.904785
crowspairs,300,0,0.648926,0.640625,0.909668
crowspairs,300,1,0.54541,0.562988,0.798828
crowspairs,300,2,0.494629,0.548828,0.762695
crowspairs,301,0,0.814941,0.835938,0.880859
crowspairs,301,1,0.95459,0.853516,0.83252
crowspairs,301,2,0.823242,0.928223,0.876465
crowspairs,306,0,0.899902,0.919434,0.850586
crowspairs,306,1,0.841309,0.837402,0.885254
crowspairs,306,2,0.904297,0.929688,0.873047
crowspairs,308,0,0.954102,0.899414,0.952637
crowspairs,308,1,0.973633,0.936523,0.93457
crowspairs,308,2,0.93457,0.937988,0.938477
crowspairs,311,0,0.850586,0.902832,0.881348
crowspairs,311,1,0.741699,0.802246,0.865723
crowspairs,311,2,0.881348,0.800293,0.826172
crowspairs,313,0,0.918457,0.869141,0.871094
crowspairs,313,1,0.952637,0.946289,0.991211
crowspairs,313,2,0.856934,0.889648,0.944824
crowspairs,322,0,0.911133,0.874023,0.863281
crowspairs,322,1,0.97168,0.86084,0.844238
crowspairs,322,2,0.979492,0.856934,0.847168
crowspairs,326,0,0.986328,0.908691,0.924316
crowspairs,326,1,0.935547,0.937988,0.87793
crowspairs,326,2,0.952148,0.908691,0.932617
crowspairs,332,0,0.978516,0.930176,0.929688
crowspairs,332,1,0.953613,0.919922,0.929688
crowspairs,332,2,0.974121,0.923828,0.930664
crowspairs,333,0,0.962891,0.914551,0.887695
crowspairs,333,1,0.95459,0.859863,0.875488
crowspairs,333,2,0.92041,0.903809,0.864258
crowspairs,338,0,0.821777,0.734863,0.700684
crowspairs,338,1,0.844727,0.875,0.931641
crowspairs,338,2,0.834961,0.818848,0.803223
crowspairs,350,0,0.960938,0.990723,0.964355
crowspairs,350,1,0.984863,0.96582,0.961426
crowspairs,350,2,0.987305,0.952148,0.945801
crowspairs,352,0,0.949707,0.981445,0.933105
crowspairs,352,1,0.937988,0.879395,0.887207
crowspairs,352,2,0.908203,0.937988,0.892578
crowspairs,354,0,0.899902,0.895508,0.883789
crowspairs,354,1,0.984375,0.942871,0.938965
crowspairs,354,2,0.954102,0.91748,0.858887
crowspairs,356,0,0.914551,0.663574,0.68457
crowspairs,356,1,0.922852,0.712891,0.713379
crowspairs,356,2,0.917969,0.796875,0.73584
crowspairs,368,0,0.907227,0.981934,0.922363
crowspairs,368,1,0.939453,0.978027,0.937988
crowspairs,368,2,0.935059,0.977539,0.924316
crowspairs,369,0,0.981445,0.90625,0.914551
crowspairs,369,1,0.980957,0.911133,0.909668
crowspairs,369,2,0.982422,0.949707,0.955078
crowspairs,372,0,0.869629,0.852051,0.94043
crowspairs,372,1,0.854492,0.86377,0.866699
crowspairs,372,2,0.929199,0.881348,0.897949
crowspairs,373,0,0.976562,0.992188,0.987305
crowspairs,373,1,0.976074,0.993164,0.980469
crowspairs,373,2,0.970703,0.986328,0.974609
crowspairs,377,0,0.985352,0.94873,0.957031
crowspairs,377,1,0.975098,0.963379,0.961914
crowspairs,377,2,0.952148,0.958496,0.953125
crowspairs,379,0,0.700195,0.576172,0.636719
crowspairs,379,1,0.700195,0.635742,0.568359
crowspairs,379,2,0.65332,0.580078,0.576172
crowspairs,380,0,0.814453,0.783203,0.739258
crowspairs,380,1,0.772949,0.950195,0.783691
crowspairs,380,2,0.873047,0.705078,0.584473
crowspairs,383,0,0.918457,0.938965,0.946777
crowspairs,383,1,0.950195,0.928711,0.925781
crowspairs,383,2,0.953125,0.945801,0.945801
crowspairs,385,0,0.961426,0.92041,0.947266
crowspairs,385,1,0.911621,0.953125,0.89209
crowspairs,385,2,0.978516,0.941895,0.947266
crowspairs,386,0,0.935059,0.750977,0.780762
crowspairs,386,1,0.961426,0.71582,0.750488
crowspairs,386,2,0.861328,0.700684,0.725098
crowspairs,387,0,0.806152,0.75293,0.92627
crowspairs,387,1,0.880371,0.871094,0.992188
crowspairs,387,2,0.895996,0.888672,0.941406
crowspairs,388,0,0.880371,0.910645,0.969727
crowspairs,388,1,0.966309,0.867188,0.858887
crowspairs,388,2,0.972656,0.985352,0.98291
crowspairs,392,0,0.962891,0.913086,0.900391
crowspairs,392,1,0.855469,0.969238,0.862793
crowspairs,392,2,0.906738,0.994629,0.889648
crowspairs,395,0,0.961914,0.989258,0.962891
crowspairs,395,1,0.956055,0.976562,0.968262
crowspairs,395,2,0.964355,0.973145,0.966797
crowspairs,410,0,0.883301,0.90625,0.898438
crowspairs,410,1,0.855469,0.982422,0.86377
crowspairs,410,2,0.901855,0.958984,0.887207
crowspairs,416,0,0.828125,0.884277,0.818359
crowspairs,416,1,0.875,0.886719,0.879395
crowspairs,416,2,0.78418,0.866699,0.821777
crowspairs,425,0,0.98291,0.908203,0.906738
crowspairs,425,1,0.984863,0.930664,0.942871
crowspairs,425,2,0.966797,0.896973,0.928711
crowspairs,426,0,0.876953,0.964844,0.899902
crowspairs,426,1,0.802734,0.836914,0.763184
crowspairs,426,2,0.767578,0.84668,0.84375
crowspairs,430,0,0.863281,0.833984,0.84668
crowspairs,430,1,0.816406,0.86084,0.788574
crowspairs,430,2,0.811523,0.726562,0.713379
crowspairs,431,0,0.925781,0.987793,0.940918
crowspairs,431,1,0.942383,0.939453,0.960449
crowspairs,431,2,0.986816,0.989258,0.986816
crowspairs,433,0,0.969238,0.943359,0.935059
crowspairs,433,1,0.943848,0.905762,0.936035
crowspairs,433,2,0.907227,0.893555,0.859375
crowspairs,437,0,0.94043,0.733398,0.753906
crowspairs,437,1,0.984375,0.868652,0.863281
crowspairs,437,2,0.955566,0.827637,0.846191
crowspairs,439,0,0.949707,0.837891,0.84668
crowspairs,439,1,0.831055,0.620605,0.656738
crowspairs,439,2,0.97998,0.769043,0.779785
crowspairs,442,0,0.967773,0.962402,0.960938
crowspairs,442,1,0.97168,0.958984,0.938965
crowspairs,442,2,0.974609,0.934082,0.932617
crowspairs,445,0,0.900391,0.902832,0.855957
crowspairs,445,1,0.874512,0.938477,0.808594
crowspairs,445,2,0.981934,0.984863,0.986816
crowspairs,446,0,0.98584,0.988281,0.996582
crowspairs,446,1,0.994629,0.995605,0.994141
crowspairs,446,2,0.976074,0.99707,0.980957
crowspairs,450,0,0.612793,0.543945,0.590332
crowspairs,450,1,0.704102,0.564941,0.576172
crowspairs,450,2,0.665527,0.552246,0.552246
crowspairs,451,0,0.958496,0.924805,0.935547
crowspairs,451,1,0.928711,0.920898,0.862793
crowspairs,451,2,0.868164,0.864746,0.806641
crowspairs,452,0,0.827148,0.90625,0.79834
crowspairs,452,1,0.873535,0.854004,0.729004
crowspairs,452,2,0.877441,0.883301,0.838379
crowspairs,453,0,0.824219,0.783691,0.910645
crowspairs,453,1,0.86084,0.960938,0.857422
crowspairs,453,2,0.949219,0.953125,0.974121
crowspairs,454,0,0.89209,0.956543,0.848145
crowspairs,454,1,0.854492,0.915039,0.850586
crowspairs,454,2,0.830566,0.869629,0.792969
crowspairs,456,0,0.550293,0.644043,0.663574
crowspairs,456,1,0.675781,0.657227,0.567871
crowspairs,456,2,0.490967,0.48291,0.520508
crowspairs,458,0,0.925781,0.92627,0.958984
crowspairs,458,1,0.854492,0.896484,0.849121
crowspairs,458,2,0.938965,0.933594,0.875977
crowspairs,460,0,0.601562,0.529785,0.879395
crowspairs,460,1,0.57373,0.632324,0.863281
crowspairs,460,2,0.679688,0.699219,0.862305
crowspairs,462,0,0.984863,0.963867,0.959961
crowspairs,462,1,0.973145,0.962402,0.953125
crowspairs,462,2,0.97998,0.959961,0.958496
crowspairs,469,0,0.891602,0.902344,0.981445
crowspairs,469,1,0.90918,0.912109,0.980957
crowspairs,469,2,0.859375,0.852539,0.980469
crowspairs,471,0,0.771973,0.6875,0.580566
crowspairs,471,1,0.751953,0.664062,0.643066
crowspairs,471,2,0.654297,0.725586,0.704102
crowspairs,472,0,0.911133,0.830078,0.915527
crowspairs,472,1,0.976074,0.86377,0.855469
crowspairs,472,2,0.966309,0.895508,0.924316
crowspairs,473,0,0.986816,0.935547,0.921387
crowspairs,473,1,0.992188,0.945312,0.942871
crowspairs,473,2,0.955566,0.933594,0.919434
crowspairs,480,0,0.982422,0.950684,0.952148
crowspairs,480,1,0.979004,0.938477,0.953125
crowspairs,480,2,0.990723,0.959961,0.952637
crowspairs,483,0,0.935547,0.938477,0.952148
crowspairs,483,1,0.922363,0.964844,0.90332
crowspairs,483,2,0.903809,0.960449,0.884766
crowspairs,484,0,0.932617,0.953125,0.952148
crowspairs,484,1,0.928711,0.979492,0.91748
crowspairs,484,2,0.958496,0.927734,0.952148
crowspairs,488,0,0.968262,0.969727,0.958008
crowspairs,488,1,0.940918,0.990723,0.946777
crowspairs,488,2,0.962402,0.960938,0.943848
crowspairs,490,0,0.786133,0.802246,0.668945
crowspairs,490,1,0.928711,0.791504,0.741211
crowspairs,490,2,0.898438,0.817383,0.749023
crowspairs,494,0,0.962402,0.981934,0.95166
crowspairs,494,1,0.909668,0.950195,0.947266
crowspairs,494,2,0.973633,0.942871,0.929688
crowspairs,500,0,0.94043,0.961426,0.945312
crowspairs,500,1,0.928711,0.978027,0.933594
crowspairs,500,2,0.916992,0.95752,0.939941
crowspairs,504,0,0.787598,0.818359,0.768066
crowspairs,504,1,0.827637,0.794922,0.766602
crowspairs,504,2,0.761719,0.788574,0.734375
crowspairs,505,0,0.905762,0.861816,0.927734
crowspairs,505,1,0.856934,0.865234,0.918457
crowspairs,505,2,0.878906,0.881836,0.911133
crowspairs,507,0,0.805176,0.779297,0.970703
crowspairs,507,1,0.79248,0.722656,0.873047
crowspairs,507,2,0.789551,0.841797,0.897461
crowspairs,510,0,0.651367,0.715332,0.726074
crowspairs,510,1,0.762695,0.649414,0.64502
crowspairs,510,2,0.860352,0.714355,0.788086
crowspairs,516,0,0.977539,0.94873,0.955566
crowspairs,516,1,0.720703,0.774902,0.776367
crowspairs,516,2,0.66748,0.68457,0.897949
crowspairs,517,0,0.826172,0.819824,0.717285
crowspairs,517,1,0.939941,0.787598,0.812988
crowspairs,517,2,0.837891,0.841309,0.76123
crowspairs,519,0,0.933105,0.828125,0.785156
crowspairs,519,1,0.957031,0.820312,0.808594
crowspairs,519,2,0.834961,0.839844,0.72998
crowspairs,523,0,0.847168,0.797852,0.69873
crowspairs,523,1,0.78125,0.874512,0.753418
crowspairs,523,2,0.712402,0.833008,0.685547
crowspairs,526,0,0.972168,0.863281,0.889648
crowspairs,526,1,0.982422,0.887207,0.908691
crowspairs,526,2,0.954102,0.856934,0.880859
crowspairs,528,0,0.622559,0.650879,0.550781
crowspairs,528,1,0.849609,0.700195,0.791504
crowspairs,528,2,0.83252,0.680176,0.660645
crowspairs,531,0,0.987305,0.953613,0.94043
crowspairs,531,1,0.987793,0.947266,0.9375
crowspairs,531,2,0.975098,0.892578,0.901367
crowspairs,533,0,0.996582,0.981934,0.983398
crowspairs,533,1,0.99707,0.984863,0.982422
crowspairs,533,2,0.995605,0.984375,0.98291
crowspairs,534,0,0.993164,0.956055,0.960449
crowspairs,534,1,0.992188,0.952637,0.95752
crowspairs,534,2,0.988281,0.953613,0.96582
crowspairs,536,0,0.693848,0.613281,0.633301
crowspairs,536,1,0.805664,0.665527,0.649414
crowspairs,536,2,0.916992,0.791504,0.797852
crowspairs,537,0,0.888184,0.941895,0.95166
crowspairs,537,1,0.941406,0.893555,0.91748
crowspairs,537,2,0.94873,0.927734,0.922363
crowspairs,544,0,0.945312,0.754395,0.750977
crowspairs,544,1,0.855469,0.894531,0.839355
crowspairs,544,2,0.866699,0.708984,0.651855
crowspairs,548,0,0.960938,0.893066,0.914551
crowspairs,548,1,0.913574,0.918457,0.949707
crowspairs,548,2,0.895996,0.974121,0.88623
crowspairs,550,0,0.921875,0.918457,0.856445
crowspairs,550,1,0.893066,0.873047,0.844727
crowspairs,550,2,0.925781,0.910156,0.936035
crowspairs,554,0,0.948242,0.959473,0.938477
crowspairs,554,1,0.954102,0.816406,0.810059
crowspairs,554,2,0.919922,0.723633,0.736328
crowspairs,555,0,0.990234,0.94873,0.960449
crowspairs,555,1,0.885254,0.885742,0.864746
crowspairs,555,2,0.98877,0.9375,0.936523
crowspairs,563,0,0.870117,0.862305,0.835938
crowspairs,563,1,0.902832,0.853516,0.845215
crowspairs,563,2,0.877441,0.897461,0.856934
crowspairs,564,0,0.949707,0.832031,0.833984
crowspairs,564,1,0.961914,0.867676,0.840332
crowspairs,564,2,0.959473,0.859375,0.844238
crowspairs,566,0,0.706543,0.635742,0.649414
crowspairs,566,1,0.665527,0.618164,0.754883
crowspairs,566,2,0.532715,0.688477,0.611816
crowspairs,568,0,0.745605,0.61084,0.638672
crowspairs,568,1,0.682129,0.567871,0.469482
crowspairs,568,2,0.769531,0.583496,0.626953
crowspairs,571,0,0.649902,0.62207,0.884766
crowspairs,571,1,0.781738,0.729492,0.888672
crowspairs,571,2,0.751953,0.76123,0.854492
crowspairs,576,0,0.904297,0.905762,0.983887
crowspairs,576,1,0.964844,0.883301,0.890137
crowspairs,576,2,0.970215,0.936035,0.927734
crowspairs,584,0,0.956055,0.815918,0.861328
crowspairs,584,1,0.978027,0.861816,0.869141
crowspairs,584,2,0.987305,0.86377,0.864258
crowspairs,596,0,0.820801,0.897949,0.869141
crowspairs,596,1,0.824219,0.831543,0.938965
crowspairs,596,2,0.899902,0.944336,0.916992
crowspairs,599,0,0.834961,0.605957,0.702637
crowspairs,599,1,0.741699,0.691895,0.738281
crowspairs,599,2,0.776367,0.57959,0.77002
crowspairs,600,0,0.959473,0.929199,0.955566
crowspairs,600,1,0.957031,0.952148,0.942383
crowspairs,600,2,0.887207,0.851562,0.957031
crowspairs,603,0,0.984375,0.953125,0.946289
crowspairs,603,1,0.987793,0.952637,0.953125
crowspairs,603,2,0.970215,0.972656,0.955078
crowspairs,604,0,0.930176,0.959961,0.895508
crowspairs,604,1,0.942871,0.988281,0.932129
crowspairs,604,2,0.953125,0.966797,0.924316
crowspairs,609,0,0.931641,0.908691,0.813477
crowspairs,609,1,0.78125,0.817383,0.751953
crowspairs,609,2,0.896484,0.899414,0.867676
crowspairs,621,0,0.852051,0.740234,0.861328
crowspairs,621,1,0.865723,0.868652,0.899902
crowspairs,621,2,0.818848,0.811035,0.861816
crowspairs,626,0,0.873047,0.80957,0.79541
crowspairs,626,1,0.92041,0.906738,0.880859
crowspairs,626,2,0.908203,0.942383,0.931152
crowspairs,627,0,0.845703,0.894043,0.85791
crowspairs,627,1,0.739258,0.745605,0.866699
crowspairs,627,2,0.788086,0.832031,0.737305
crowspairs,628,0,0.554199,0.418213,0.422363
crowspairs,628,1,0.522949,0.552246,0.552246
crowspairs,628,2,0.404053,0.445068,0.447754
crowspairs,630,0,0.977539,0.942383,0.953125
crowspairs,630,1,0.981934,0.922363,0.951172
crowspairs,630,2,0.969238,0.956543,0.969238
crowspairs,637,0,0.924805,0.825195,0.762207
crowspairs,637,1,0.845703,0.746582,0.820312
crowspairs,637,2,0.91748,0.879883,0.835938
crowspairs,638,0,0.891602,0.702148,0.657227
crowspairs,638,1,0.869629,0.764648,0.710938
crowspairs,638,2,0.864746,0.863281,0.760742
crowspairs,639,0,0.850586,0.912109,0.910156
crowspairs,639,1,0.897949,0.915039,0.966797
crowspairs,639,2,0.66748,0.854004,0.820312
crowspairs,640,0,0.893066,0.864746,0.837891
crowspairs,640,1,0.88916,0.788086,0.779297
crowspairs,640,2,0.840332,0.679688,0.766113
crowspairs,646,0,0.962891,0.888184,0.918945
crowspairs,646,1,0.994629,0.938965,0.935059
crowspairs,646,2,0.984863,0.916992,0.934082
crowspairs,649,0,0.995117,0.966797,0.96875
crowspairs,649,1,0.991699,0.980957,0.981934
crowspairs,649,2,0.985352,0.974609,0.976074
crowspairs,653,0,0.718262,0.927246,0.715332
crowspairs,653,1,0.65918,0.950195,0.588379
crowspairs,653,2,0.654297,0.907227,0.669922
crowspairs,654,0,0.937012,0.775879,0.75293
crowspairs,654,1,0.932129,0.822266,0.839844
crowspairs,654,2,0.907227,0.773926,0.842285
crowspairs,659,0,0.922852,0.606934,0.633301
crowspairs,659,1,0.899414,0.932129,0.911621
crowspairs,659,2,0.956055,0.748047,0.717285
crowspairs,660,0,0.971191,0.910645,0.945312
crowspairs,660,1,0.946777,0.887207,0.925293
crowspairs,660,2,0.989746,0.947266,0.950684
crowspairs,662,0,0.719238,0.748535,0.664551
crowspairs,662,1,0.866699,0.839844,0.847656
crowspairs,662,2,0.851562,0.856445,0.812988
crowspairs,667,0,0.888672,0.932129,0.898926
crowspairs,667,1,0.924316,0.930664,0.876465
crowspairs,667,2,0.960449,0.900879,0.907715
crowspairs,669,0,0.804688,0.728516,0.606445
crowspairs,669,1,0.791504,0.632324,0.703613
crowspairs,669,2,0.723633,0.687988,0.645996
crowspairs,671,0,0.907227,0.930176,0.872559
crowspairs,671,1,0.936035,0.941406,0.889648
crowspairs,671,2,0.924316,0.939941,0.887695
crowspairs,672,0,0.975586,0.976074,0.969238
crowspairs,672,1,0.992676,0.972656,0.969238
crowspairs,672,2,0.964844,0.961426,0.972168
crowspairs,674,0,0.954102,0.773926,0.799805
crowspairs,674,1,0.955566,0.77832,0.8125
crowspairs,674,2,0.987793,0.753418,0.75293
crowspairs,675,0,0.762695,0.963379,0.784668
crowspairs,675,1,0.678223,0.962891,0.729492
crowspairs,675,2,0.820312,0.950684,0.840332
crowspairs,677,0,0.812988,0.618164,0.698242
crowspairs,677,1,0.730469,0.750977,0.925293
crowspairs,677,2,0.740234,0.705078,0.903809
crowspairs,678,0,0.84668,0.803223,0.837891
crowspairs,678,1,0.800293,0.80957,0.849121
crowspairs,678,2,0.785156,0.774902,0.746094
crowspairs,679,0,0.959961,0.901855,0.943359
crowspairs,679,1,0.97168,0.863281,0.894043
crowspairs,679,2,0.98291,0.894043,0.905762
crowspairs,682,0,0.824707,0.84375,0.714355
crowspairs,682,1,0.985352,0.911133,0.905762
crowspairs,682,2,0.980957,0.946289,0.927246
crowspairs,684,0,0.86377,0.897949,0.881836
crowspairs,684,1,0.940918,0.913574,0.927734
crowspairs,684,2,0.929199,0.855957,0.861816
crowspairs,686,0,0.873047,0.810059,0.900879
crowspairs,686,1,0.972168,0.90625,0.876953
crowspairs,686,2,0.958496,0.868652,0.867188
crowspairs,687,0,0.947754,0.886719,0.939453
crowspairs,687,1,0.960449,0.916016,0.912598
crowspairs,687,2,0.956543,0.912109,0.958008
crowspairs,691,0,0.86084,0.842773,0.839355
crowspairs,691,1,0.871094,0.836914,0.827148
crowspairs,691,2,0.921387,0.871582,0.844727
crowspairs,692,0,0.959961,0.619141,0.610352
crowspairs,692,1,0.935547,0.644531,0.637207
crowspairs,692,2,0.970703,0.592285,0.581055
crowspairs,693,0,0.976074,0.87793,0.899414
crowspairs,693,1,0.955566,0.870117,0.884277
crowspairs,693,2,0.907715,0.812988,0.859375
crowspairs,696,0,0.882812,0.83252,0.796387
crowspairs,696,1,0.882812,0.858398,0.789062
crowspairs,696,2,0.830566,0.833496,0.691406
crowspairs,699,0,0.92041,0.884277,0.9375
crowspairs,699,1,0.973145,0.838379,0.864258
crowspairs,699,2,0.773438,0.921387,0.807617
crowspairs,701,0,0.796387,0.727051,0.768555
crowspairs,701,1,0.645996,0.589844,0.773438
crowspairs,701,2,0.808105,0.71875,0.757812
crowspairs,705,0,0.88623,0.913574,0.956055
crowspairs,705,1,0.863281,0.894531,0.934082
crowspairs,705,2,0.858887,0.899414,0.910645
crowspairs,706,0,0.805176,0.86377,0.769531
crowspairs,706,1,0.760254,0.842285,0.79248
crowspairs,706,2,0.761719,0.880859,0.760742
crowspairs,707,0,0.973145,0.974609,0.975098
crowspairs,707,1,0.972656,0.983887,0.975098
crowspairs,707,2,0.960938,0.987305,0.953125
crowspairs,709,0,0.836426,0.797852,0.84375
crowspairs,709,1,0.821777,0.722656,0.875
crowspairs,709,2,0.901855,0.854004,0.902832
crowspairs,711,0,0.920898,0.975586,0.936035
crowspairs,711,1,0.958984,0.962891,0.944336
crowspairs,711,2,0.972656,0.95752,0.965332
crowspairs,713,0,0.980957,0.941406,0.944336
crowspairs,713,1,0.990234,0.938477,0.941895
crowspairs,713,2,0.942871,0.952148,0.937988
crowspairs,717,0,0.734863,0.780762,0.723145
crowspairs,717,1,0.789551,0.775391,0.874023
crowspairs,717,2,0.778809,0.734375,0.65625
crowspairs,722,0,0.702637,0.85791,0.754883
crowspairs,722,1,0.950684,0.943359,0.912598
crowspairs,722,2,0.873535,0.961426,0.884766
crowspairs,723,0,0.833496,0.817383,0.775879
crowspairs,723,1,0.867676,0.843262,0.831055
crowspairs,723,2,0.868164,0.814453,0.830078
crowspairs,724,0,0.839844,0.896484,0.833984
crowspairs,724,1,0.895996,0.98584,0.902832
crowspairs,724,2,0.915527,0.980469,0.892578
crowspairs,726,0,0.839355,0.725098,0.787598
crowspairs,726,1,0.785156,0.631348,0.762207
crowspairs,726,2,0.720703,0.600098,0.71875
crowspairs,729,0,0.737305,0.617188,0.731934
crowspairs,729,1,0.671387,0.62793,0.714844
crowspairs,729,2,0.57959,0.526367,0.581543
crowspairs,732,0,0.879395,0.667969,0.658203
crowspairs,732,1,0.919434,0.803223,0.764648
crowspairs,732,2,0.884277,0.77832,0.713867
crowspairs,734,0,0.795898,0.755371,0.762695
crowspairs,734,1,0.759766,0.742676,0.702148
crowspairs,734,2,0.878906,0.693848,0.694824
crowspairs,740,0,0.624023,0.674316,0.555664
crowspairs,740,1,0.585938,0.559082,0.448975
crowspairs,740,2,0.720215,0.808105,0.658691
crowspairs,744,0,0.964355,0.977539,0.977051
crowspairs,744,1,0.96875,0.976074,0.966797
crowspairs,744,2,0.975098,0.965332,0.950195
crowspairs,745,0,0.930664,0.959961,0.916992
crowspairs,745,1,0.959473,0.934082,0.933105
crowspairs,745,2,0.929688,0.931641,0.911133
crowspairs,750,0,0.90918,0.954102,0.936523
crowspairs,750,1,0.903809,0.88916,0.771973
crowspairs,750,2,0.916016,0.951172,0.967773
crowspairs,751,0,0.843262,0.605469,0.602539
crowspairs,751,1,0.962891,0.77002,0.764648
crowspairs,751,2,0.86084,0.680664,0.626465
crowspairs,755,0,0.757324,0.756836,0.716797
crowspairs,755,1,0.719727,0.779785,0.65625
crowspairs,755,2,0.753906,0.712402,0.664551
crowspairs,758,0,0.87207,0.912598,0.855469
crowspairs,758,1,0.881348,0.776367,0.775391
crowspairs,758,2,0.887207,0.931152,0.882812
crowspairs,760,0,0.748535,0.847168,0.777832
crowspairs,760,1,0.736328,0.772949,0.667969
crowspairs,760,2,0.708984,0.650879,0.704102
crowspairs,761,0,0.987305,0.98877,0.984375
crowspairs,761,1,0.98584,0.985352,0.973145
crowspairs,761,2,0.969727,0.986328,0.964844
crowspairs,763,0,0.910156,0.892578,0.863281
crowspairs,763,1,0.944824,0.904297,0.90625
crowspairs,763,2,0.946777,0.961914,0.949707
crowspairs,766,0,0.946289,0.958008,0.920898
crowspairs,766,1,0.804199,0.789551,0.89502
crowspairs,766,2,0.922363,0.942383,0.92041
crowspairs,767,0,0.937988,0.985352,0.947266
crowspairs,767,1,0.92627,0.947266,0.970215
crowspairs,767,2,0.880371,0.907715,0.938477
crowspairs,768,0,0.9375,0.898438,0.924316
crowspairs,768,1,0.870605,0.842285,0.906738
crowspairs,768,2,0.844238,0.815918,0.854492
crowspairs,770,0,0.970215,0.928223,0.934082
crowspairs,770,1,0.987793,0.958984,0.95752
crowspairs,770,2,0.95752,0.944336,0.913574
crowspairs,773,0,0.84668,0.722168,0.685547
crowspairs,773,1,0.879395,0.70752,0.77002
crowspairs,773,2,0.881836,0.648926,0.663574
crowspairs,774,0,0.827637,0.793457,0.84082
crowspairs,774,1,0.876465,0.775391,0.916016
crowspairs,774,2,0.907227,0.782715,0.810547
crowspairs,784,0,0.72998,0.777832,0.717773
crowspairs,784,1,0.89502,0.808594,0.794434
crowspairs,784,2,0.810059,0.687988,0.648926
crowspairs,786,0,0.69043,0.535645,0.510254
crowspairs,786,1,0.723633,0.644043,0.578613
crowspairs,786,2,0.737793,0.633789,0.59668
crowspairs,788,0,0.926758,0.969238,0.935059
crowspairs,788,1,0.984863,0.989258,0.981445
crowspairs,788,2,0.992188,0.9375,0.946777
crowspairs,789,0,0.647949,0.610352,0.677734
crowspairs,789,1,0.714844,0.700195,0.687012
crowspairs,789,2,0.620117,0.70752,0.670898
crowspairs,805,0,0.824707,0.78125,0.712891
crowspairs,805,1,0.75293,0.529297,0.471924
crowspairs,805,2,0.72998,0.74707,0.650879
crowspairs,806,0,0.905762,0.921387,0.960449
crowspairs,806,1,0.887207,0.85791,0.916504
crowspairs,806,2,0.726562,0.773926,0.920898
crowspairs,807,0,0.986328,0.974609,0.968262
crowspairs,807,1,0.997559,0.964844,0.963379
crowspairs,807,2,0.962402,0.95752,0.958984
crowspairs,808,0,0.938965,0.935059,0.915039
crowspairs,808,1,0.961914,0.954102,0.907227
crowspairs,808,2,0.940918,0.92334,0.953613
crowspairs,815,0,0.678223,0.680176,0.777344
crowspairs,815,1,0.708008,0.75,0.860352
crowspairs,815,2,0.690918,0.658691,0.883789
crowspairs,819,0,0.655273,0.70459,0.759766
crowspairs,819,1,0.719727,0.701172,0.696289
crowspairs,819,2,0.654785,0.704102,0.733398
crowspairs,820,0,0.958984,0.851074,0.856934
crowspairs,820,1,0.986328,0.875,0.867676
crowspairs,820,2,0.993652,0.885742,0.884277
crowspairs,821,0,0.962402,0.890137,0.890625
crowspairs,821,1,0.930664,0.880371,0.906738
crowspairs,821,2,0.950195,0.870117,0.885254
crowspairs,823,0,0.662598,0.838379,0.640137
crowspairs,823,1,0.669434,0.773438,0.646973
crowspairs,823,2,0.70166,0.874023,0.685059
crowspairs,827,0,0.905762,0.885742,0.926758
crowspairs,827,1,0.92041,0.923828,0.910645
crowspairs,827,2,0.935059,0.956055,0.937988
crowspairs,828,0,0.970703,0.974121,0.970703
crowspairs,828,1,0.95166,0.955566,0.935547
crowspairs,828,2,0.935547,0.924805,0.904297
crowspairs,830,0,0.626953,0.651855,0.523438
crowspairs,830,1,0.731445,0.779785,0.653809
crowspairs,830,2,0.770996,0.508789,0.501465
crowspairs,832,0,0.967285,0.941895,0.964844
crowspairs,832,1,0.985352,0.939941,0.956543
crowspairs,832,2,0.961426,0.947266,0.970703
crowspairs,834,0,0.953613,0.904785,0.925293
crowspairs,834,1,0.967773,0.929199,0.923828
crowspairs,834,2,0.955566,0.92334,0.916504
crowspairs,835,0,0.78418,0.91748,0.76709
crowspairs,835,1,0.84668,0.905762,0.806152
crowspairs,835,2,0.870117,0.871582,0.860352
crowspairs,836,0,0.991211,0.968262,0.966797
crowspairs,836,1,0.985352,0.952637,0.969238
crowspairs,836,2,0.960449,0.947754,0.949219
crowspairs,837,0,0.980957,0.967773,0.977539
crowspairs,837,1,0.941406,0.923828,0.903809
crowspairs,837,2,0.930176,0.964355,0.899902
crowspairs,846,0,0.865723,0.759277,0.788574
crowspairs,846,1,0.841309,0.86084,0.848633
crowspairs,846,2,0.834473,0.908203,0.797852
crowspairs,848,0,0.794922,0.82373,0.730469
crowspairs,848,1,0.847656,0.880859,0.785156
crowspairs,848,2,0.8125,0.838867,0.821289
crowspairs,851,0,0.862793,0.499268,0.510254
crowspairs,851,1,0.759277,0.568359,0.620605
crowspairs,851,2,0.667969,0.519531,0.567871
crowspairs,855,0,0.930664,0.748047,0.696289
crowspairs,855,1,0.958008,0.750977,0.748535
crowspairs,855,2,0.902832,0.774414,0.800781
crowspairs,857,0,0.80957,0.958984,0.790527
crowspairs,857,1,0.966797,0.88916,0.891602
crowspairs,857,2,0.876465,0.888672,0.841309
crowspairs,858,0,0.887207,0.889648,0.894531
crowspairs,858,1,0.816406,0.836426,0.918457
crowspairs,858,2,0.933594,0.937988,0.93457
crowspairs,860,0,0.794922,0.789551,0.835449
crowspairs,860,1,0.818359,0.838867,0.916992
crowspairs,860,2,0.833984,0.738281,0.883789
crowspairs,863,0,0.966797,0.986328,0.956543
crowspairs,863,1,0.936035,0.985352,0.929688
crowspairs,863,2,0.973633,0.987793,0.96582
crowspairs,875,0,0.90625,0.941406,0.920898
crowspairs,875,1,0.98291,0.961426,0.955566
crowspairs,875,2,0.972168,0.956543,0.941895
crowspairs,877,0,0.744141,0.625488,0.605957
crowspairs,877,1,0.779297,0.726074,0.650391
crowspairs,877,2,0.821777,0.756348,0.680664
crowspairs,882,0,0.944824,0.963867,0.950684
crowspairs,882,1,0.920898,0.952148,0.882812
crowspairs,882,2,0.92627,0.921875,0.904785
crowspairs,887,0,0.698242,0.71582,0.727051
crowspairs,887,1,0.870605,0.848633,0.818359
crowspairs,887,2,0.819824,0.705078,0.712402
crowspairs,906,0,0.708984,0.748535,0.896484
crowspairs,906,1,0.78125,0.843262,0.901855
crowspairs,906,2,0.638184,0.655273,0.975098
crowspairs,914,0,0.962891,0.991211,0.965332
crowspairs,914,1,0.961914,0.986816,0.969238
crowspairs,914,2,0.972656,0.983887,0.972656
crowspairs,919,0,0.9375,0.9375,0.933594
crowspairs,919,1,0.923828,0.914551,0.961426
crowspairs,919,2,0.856445,0.842285,0.890625
crowspairs,921,0,0.810547,0.940918,0.82959
crowspairs,921,1,0.865723,0.89502,0.963867
crowspairs,921,2,0.866211,0.824707,0.906738
crowspairs,925,0,0.782715,0.828613,0.772949
crowspairs,925,1,0.708008,0.80127,0.762695
crowspairs,925,2,0.748047,0.819336,0.780762
crowspairs,927,0,0.79541,0.856934,0.93457
crowspairs,927,1,0.879883,0.983398,0.880859
crowspairs,927,2,0.894531,0.959961,0.910645
crowspairs,941,0,0.929199,0.942871,0.919922
crowspairs,941,1,0.976074,0.970703,0.966797
crowspairs,941,2,0.979004,0.870117,0.870117
crowspairs,944,0,0.913086,0.967285,0.92334
crowspairs,944,1,0.87793,0.955078,0.862793
crowspairs,944,2,0.890625,0.95459,0.905762
crowspairs,947,0,0.848145,0.789551,0.867188
crowspairs,947,1,0.778809,0.807129,0.785645
crowspairs,947,2,0.834961,0.758789,0.818359
crowspairs,948,0,0.866699,0.866211,0.84082
crowspairs,948,1,0.93457,0.903809,0.848633
crowspairs,948,2,0.975586,0.875,0.877441
crowspairs,956,0,0.886719,0.724609,0.749023
crowspairs,956,1,0.859863,0.71875,0.713379
crowspairs,956,2,0.754883,0.714844,0.760742
crowspairs,958,0,0.767578,0.57666,0.688477
crowspairs,958,1,0.856445,0.586426,0.594238
crowspairs,958,2,0.917969,0.47583,0.521973
crowspairs,960,0,0.873047,0.916016,0.893066
crowspairs,960,1,0.878906,0.831055,0.84668
crowspairs,960,2,0.78125,0.777344,0.725586
crowspairs,964,0,0.944336,0.941895,0.958496
crowspairs,964,1,0.906738,0.963379,0.9375
crowspairs,964,2,0.859375,0.796875,0.868164
crowspairs,984,0,0.980957,0.977539,0.987793
crowspairs,984,1,0.975586,0.988281,0.982422
crowspairs,984,2,0.972168,0.985352,0.983398
crowspairs,985,0,0.936035,0.65625,0.566895
crowspairs,985,1,0.893066,0.594727,0.544434
crowspairs,985,2,0.886719,0.652344,0.556641
crowspairs,989,0,0.973145,0.945801,0.920898
crowspairs,989,1,0.977051,0.954102,0.95752
crowspairs,989,2,0.984375,0.922363,0.937012
crowspairs,992,0,0.914062,0.943359,0.876953
crowspairs,992,1,0.949707,0.904785,0.880371
crowspairs,992,2,0.964844,0.94043,0.939453
crowspairs,1003,0,0.987305,0.920898,0.938965
crowspairs,1003,1,0.98291,0.935059,0.950684
crowspairs,1003,2,0.983887,0.948242,0.947754
crowspairs,1008,0,0.946289,0.950684,0.995605
crowspairs,1008,1,0.957031,0.959961,0.987793
crowspairs,1008,2,0.963867,0.969238,0.989258
crowspairs,1010,0,0.839844,0.633301,0.671387
crowspairs,1010,1,0.92041,0.70752,0.691406
crowspairs,1010,2,0.911621,0.674316,0.726562
crowspairs,1025,0,0.964355,0.921875,0.932617
crowspairs,1025,1,0.856934,0.838379,0.92334
crowspairs,1025,2,0.849609,0.853516,0.930664
crowspairs,1030,0,0.702148,0.419434,0.489746
crowspairs,1030,1,0.683594,0.48999,0.497803
crowspairs,1030,2,0.729004,0.571289,0.570312
crowspairs,1031,0,0.96582,0.937012,0.970703
crowspairs,1031,1,0.958496,0.943359,0.983887
crowspairs,1031,2,0.976074,0.935547,0.956055
crowspairs,1032,0,0.949707,0.837891,0.827148
crowspairs,1032,1,0.947266,0.725586,0.723633
crowspairs,1032,2,0.921387,0.833984,0.793457
crowspairs,1038,0,0.842285,0.85791,0.831543
crowspairs,1038,1,0.898926,0.932617,0.947754
crowspairs,1038,2,0.856934,0.903809,0.890137
crowspairs,1042,0,0.923828,0.95459,0.842773
crowspairs,1042,1,0.896973,0.936523,0.809082
crowspairs,1042,2,0.814941,0.976074,0.85498
crowspairs,1043,0,0.939453,0.94043,0.974121
crowspairs,1043,1,0.949219,0.955566,0.968262
crowspairs,1043,2,0.956543,0.942383,0.962891
crowspairs,1045,0,0.969727,0.914551,0.907227
crowspairs,1045,1,0.971191,0.885254,0.898926
crowspairs,1045,2,0.990234,0.916504,0.914062
crowspairs,1047,0,0.979492,0.982422,0.986328
crowspairs,1047,1,0.975586,0.986328,0.977539
crowspairs,1047,2,0.965332,0.966797,0.970703
crowspairs,1049,0,0.98291,0.956055,0.965332
crowspairs,1049,1,0.980469,0.927246,0.927246
crowspairs,1049,2,0.991211,0.953125,0.946777
crowspairs,1050,0,0.696777,0.588867,0.649414
crowspairs,1050,1,0.671875,0.592773,0.452881
crowspairs,1050,2,0.631836,0.478271,0.473633
crowspairs,1055,0,0.75,0.603516,0.583496
crowspairs,1055,1,0.779785,0.705566,0.794434
crowspairs,1055,2,0.818848,0.866699,0.796875
crowspairs,1057,0,0.949707,0.904785,0.881836
crowspairs,1057,1,0.850586,0.802246,0.885254
crowspairs,1057,2,0.942871,0.915527,0.899414
crowspairs,1063,0,0.84082,0.671387,0.702637
crowspairs,1063,1,0.700684,0.788086,0.680664
crowspairs,1063,2,0.885254,0.683594,0.71875
crowspairs,1067,0,0.793457,0.812988,0.747559
crowspairs,1067,1,0.892578,0.887695,0.839355
crowspairs,1067,2,0.833008,0.753906,0.754883
crowspairs,1071,0,0.856445,0.811523,0.88623
crowspairs,1071,1,0.827148,0.598145,0.666504
crowspairs,1071,2,0.812012,0.736816,0.886719
crowspairs,1076,0,0.980469,0.949219,0.944336
crowspairs,1076,1,0.979492,0.924805,0.928223
crowspairs,1076,2,0.951172,0.98291,0.933105
crowspairs,1078,0,0.983398,0.981934,0.98584
crowspairs,1078,1,0.983887,0.985352,0.986328
crowspairs,1078,2,0.959961,0.958984,0.987793
crowspairs,1079,0,0.78125,0.535645,0.703613
crowspairs,1079,1,0.746582,0.5,0.658203
crowspairs,1079,2,0.771484,0.644043,0.725586
crowspairs,1080,0,0.922852,0.867676,0.757324
crowspairs,1080,1,0.903809,0.838867,0.786133
crowspairs,1080,2,0.854492,0.835938,0.716309
crowspairs,1088,0,0.882324,0.929199,0.86377
crowspairs,1088,1,0.899414,0.85791,0.802246
crowspairs,1088,2,0.898926,0.907715,0.84375
crowspairs,1098,0,0.974609,0.923828,0.936035
crowspairs,1098,1,0.984375,0.938965,0.937988
crowspairs,1098,2,0.983398,0.916992,0.891602
crowspairs,1106,0,0.947266,0.95459,0.931641
crowspairs,1106,1,0.936523,0.945312,0.944336
crowspairs,1106,2,0.959961,0.955078,0.963867
crowspairs,1109,0,0.77002,0.556152,0.574219
crowspairs,1109,1,0.821777,0.776367,0.652344
crowspairs,1109,2,0.739746,0.688477,0.717773
crowspairs,1112,0,0.652344,0.75,0.732422
crowspairs,1112,1,0.694336,0.800293,0.755859
crowspairs,1112,2,0.698242,0.87793,0.685547
crowspairs,1115,0,0.848145,0.932129,0.890137
crowspairs,1115,1,0.860352,0.969727,0.850586
crowspairs,1115,2,0.859375,0.907227,0.849609
crowspairs,1121,0,0.800781,0.825195,0.671387
crowspairs,1121,1,0.849121,0.83252,0.714355
crowspairs,1121,2,0.773438,0.852051,0.683594
crowspairs,1125,0,0.963867,0.885742,0.886719
crowspairs,1125,1,0.992676,0.935547,0.935547
crowspairs,1125,2,0.996094,0.975098,0.974121
crowspairs,1126,0,0.798828,0.724121,0.787598
crowspairs,1126,1,0.789551,0.79541,0.751465
crowspairs,1126,2,0.725586,0.665527,0.869629
crowspairs,1131,0,0.64502,0.748535,0.723145
crowspairs,1131,1,0.70459,0.804199,0.849121
crowspairs,1131,2,0.669434,0.775879,0.76709
crowspairs,1132,0,0.873535,0.904785,0.887695
crowspairs,1132,1,0.877441,0.851074,0.830078
crowspairs,1132,2,0.70166,0.679199,0.804199
crowspairs,1134,0,0.753418,0.761719,0.762207
crowspairs,1134,1,0.640137,0.731445,0.729492
crowspairs,1134,2,0.608887,0.669922,0.765625
crowspairs,1141,0,0.984863,0.94873,0.93457
crowspairs,1141,1,0.964844,0.929199,0.88623
crowspairs,1141,2,0.964844,0.919434,0.93457
crowspairs,1151,0,0.987305,0.924316,0.935547
crowspairs,1151,1,0.987793,0.987793,0.976074
crowspairs,1151,2,0.990723,0.983398,0.982422
crowspairs,1152,0,0.950684,0.957031,0.905762
crowspairs,1152,1,0.943848,0.817871,0.824707
crowspairs,1152,2,0.975586,0.900879,0.902832
crowspairs,1160,0,0.905273,0.913574,0.939453
crowspairs,1160,1,0.897949,0.90332,0.944336
crowspairs,1160,2,0.890625,0.92627,0.903809
crowspairs,1162,0,0.936035,0.858887,0.842285
crowspairs,1162,1,0.920898,0.911621,0.84082
crowspairs,1162,2,0.952637,0.858887,0.825684
crowspairs,1172,0,0.914551,0.874023,0.952148
crowspairs,1172,1,0.787109,0.771973,0.924316
crowspairs,1172,2,0.902344,0.88916,0.867676
crowspairs,1174,0,0.794434,0.621582,0.576172
crowspairs,1174,1,0.753418,0.619629,0.538086
crowspairs,1174,2,0.875,0.637207,0.556152
crowspairs,1175,0,0.921387,0.986816,0.910156
crowspairs,1175,1,0.989746,0.983398,0.986328
crowspairs,1175,2,0.981934,0.982422,0.978516
crowspairs,1176,0,0.899902,0.729492,0.699707
crowspairs,1176,1,0.838867,0.67627,0.680664
crowspairs,1176,2,0.963867,0.50293,0.515137
crowspairs,1181,0,0.897949,0.941406,0.868652
crowspairs,1181,1,0.868164,0.955078,0.844238
crowspairs,1181,2,0.964844,0.91748,0.910645
crowspairs,1182,0,0.777832,0.866699,0.82373
crowspairs,1182,1,0.943848,0.790039,0.790527
crowspairs,1182,2,0.8125,0.599121,0.623047
crowspairs,1183,0,0.854004,0.875,0.783691
crowspairs,1183,1,0.882812,0.827148,0.904297
crowspairs,1183,2,0.903809,0.787109,0.736816
crowspairs,1188,0,0.915527,0.904785,0.972168
crowspairs,1188,1,0.923828,0.88916,0.912109
crowspairs,1188,2,0.907715,0.905273,0.927246
crowspairs,1190,0,0.865234,0.975098,0.89209
crowspairs,1190,1,0.946777,0.950195,0.903809
crowspairs,1190,2,0.937012,0.936523,0.930664
crowspairs,1191,0,0.810059,0.636719,0.609375
crowspairs,1191,1,0.587891,0.654297,0.508789
crowspairs,1191,2,0.761719,0.599609,0.586426
crowspairs,1194,0,0.842773,0.76123,0.896973
crowspairs,1194,1,0.887207,0.779785,0.900391
crowspairs,1194,2,0.863281,0.814941,0.925781
crowspairs,1196,0,0.963379,0.927246,0.896484
crowspairs,1196,1,0.910645,0.950684,0.918457
crowspairs,1196,2,0.946289,0.906738,0.889648
crowspairs,1197,0,0.778809,0.838867,0.695801
crowspairs,1197,1,0.615234,0.845703,0.57959
crowspairs,1197,2,0.8125,0.848145,0.794434
crowspairs,1198,0,0.971191,0.764648,0.760254
crowspairs,1198,1,0.9375,0.753906,0.733398
crowspairs,1198,2,0.936523,0.791016,0.741699
crowspairs,1201,0,0.974609,0.926758,0.926758
crowspairs,1201,1,0.977539,0.888672,0.895508
crowspairs,1201,2,0.942383,0.904297,0.902344
crowspairs,1202,0,0.949219,0.954102,0.958008
crowspairs,1202,1,0.961914,0.945312,0.963379
crowspairs,1202,2,0.937988,0.932617,0.937988
crowspairs,1204,0,0.71582,0.799805,0.640625
crowspairs,1204,1,0.645996,0.904297,0.611328
crowspairs,1204,2,0.790039,0.904785,0.772949
crowspairs,1208,0,0.867676,0.739258,0.711914
crowspairs,1208,1,0.888672,0.887207,0.837402
crowspairs,1208,2,0.914551,0.777832,0.814453
crowspairs,1212,0,0.914551,0.71875,0.751953
crowspairs,1212,1,0.838379,0.700195,0.725098
crowspairs,1212,2,0.682617,0.601074,0.738281
crowspairs,1215,0,0.616211,0.831543,0.602539
crowspairs,1215,1,0.711426,0.859375,0.661621
crowspairs,1215,2,0.652344,0.778809,0.660645
crowspairs,1219,0,0.835449,0.73877,0.74707
crowspairs,1219,1,0.838867,0.819824,0.829102
crowspairs,1219,2,0.804199,0.691406,0.779785
crowspairs,1220,0,0.945312,0.939453,0.96875
crowspairs,1220,1,0.974609,0.962402,0.942871
crowspairs,1220,2,0.993652,0.974121,0.970703
crowspairs,1224,0,0.899414,0.937988,0.917969
crowspairs,1224,1,0.877441,0.919922,0.885742
crowspairs,1224,2,0.918945,0.960938,0.927246
crowspairs,1231,0,0.94873,0.90625,0.938477
crowspairs,1231,1,0.949219,0.95166,0.976074
crowspairs,1231,2,0.965332,0.959473,0.964844
crowspairs,1233,0,0.807129,0.924316,0.791992
crowspairs,1233,1,0.805176,0.955078,0.787598
crowspairs,1233,2,0.76416,0.900391,0.790039
crowspairs,1236,0,0.966797,0.916016,0.895996
crowspairs,1236,1,0.985352,0.749512,0.719727
crowspairs,1236,2,0.983398,0.789551,0.769531
crowspairs,1241,0,0.798828,0.842773,0.801758
crowspairs,1241,1,0.83252,0.77832,0.78418
crowspairs,1241,2,0.738281,0.727051,0.73877
crowspairs,1246,0,0.882812,0.782715,0.730957
crowspairs,1246,1,0.929688,0.770996,0.765137
crowspairs,1246,2,0.939941,0.759277,0.722656
crowspairs,1249,0,0.898926,0.768555,0.81543
crowspairs,1249,1,0.858887,0.631348,0.69873
crowspairs,1249,2,0.880371,0.814941,0.814453
crowspairs,1253,0,0.949219,0.835938,0.806152
crowspairs,1253,1,0.90918,0.861816,0.78418
crowspairs,1253,2,0.829102,0.810059,0.780762
crowspairs,1257,0,0.950684,0.866211,0.845215
crowspairs,1257,1,0.955566,0.898926,0.89209
crowspairs,1257,2,0.879883,0.905762,0.858398
crowspairs,1260,0,0.88916,0.743164,0.74707
crowspairs,1260,1,0.910156,0.731934,0.688477
crowspairs,1260,2,0.842285,0.805176,0.687012
crowspairs,1268,0,0.810547,0.569336,0.592285
crowspairs,1268,1,0.773926,0.594727,0.601562
crowspairs,1268,2,0.802246,0.684082,0.666504
crowspairs,1269,0,0.772461,0.645996,0.906738
crowspairs,1269,1,0.665039,0.641602,0.934082
crowspairs,1269,2,0.523926,0.556152,0.806152
crowspairs,1270,0,0.945312,0.929688,0.944336
crowspairs,1270,1,0.859375,0.954102,0.864746
crowspairs,1270,2,0.990723,0.900391,0.902832
crowspairs,1271,0,0.95459,0.919434,0.925781
crowspairs,1271,1,0.937012,0.878418,0.89209
crowspairs,1271,2,0.963867,0.84668,0.859863
crowspairs,1277,0,0.779297,0.654785,0.797363
crowspairs,1277,1,0.853027,0.779785,0.814453
crowspairs,1277,2,0.858398,0.836914,0.894531
crowspairs,1280,0,0.887207,0.929199,0.87207
crowspairs,1280,1,0.906738,0.932129,0.856445
crowspairs,1280,2,0.908691,0.970703,0.898926
crowspairs,1281,0,0.799316,0.86084,0.756836
crowspairs,1281,1,0.848145,0.661621,0.618164
crowspairs,1281,2,0.808105,0.702148,0.657227
crowspairs,1282,0,0.898926,0.914062,0.961914
crowspairs,1282,1,0.942871,0.91748,0.976074
crowspairs,1282,2,0.907715,0.916992,0.967285
crowspairs,1291,0,0.962402,0.98877,0.966797
crowspairs,1291,1,0.94043,0.97168,0.968262
crowspairs,1291,2,0.934082,0.936035,0.947754
crowspairs,1292,0,0.980469,0.978027,0.976074
crowspairs,1292,1,0.983887,0.97998,0.980957
crowspairs,1292,2,0.966797,0.95459,0.958496
crowspairs,1294,0,0.863281,0.737793,0.71875
crowspairs,1294,1,0.734375,0.702637,0.647949
crowspairs,1294,2,0.71582,0.772949,0.601074
crowspairs,1296,0,0.73877,0.811523,0.812988
crowspairs,1296,1,0.767578,0.865234,0.807129
crowspairs,1296,2,0.791504,0.825195,0.831543
crowspairs,1298,0,0.947266,0.825684,0.847168
crowspairs,1298,1,0.98584,0.80957,0.826172
crowspairs,1298,2,0.95752,0.940918,0.931641
crowspairs,1300,0,0.911133,0.770508,0.74707
crowspairs,1300,1,0.944824,0.666992,0.668945
crowspairs,1300,2,0.810059,0.744629,0.737793
crowspairs,1308,0,0.919922,0.92334,0.915039
crowspairs,1308,1,0.922363,0.873047,0.908691
crowspairs,1308,2,0.953125,0.867676,0.912598
crowspairs,1310,0,0.778809,0.833008,0.838379
crowspairs,1310,1,0.778809,0.814941,0.845703
crowspairs,1310,2,0.764648,0.749023,0.845215
crowspairs,1313,0,0.682129,0.655273,0.881836
crowspairs,1313,1,0.650879,0.601562,0.883789
crowspairs,1313,2,0.716309,0.687012,0.926758
crowspairs,1316,0,0.795898,0.679199,0.663574
crowspairs,1316,1,0.770996,0.702148,0.716797
crowspairs,1316,2,0.805664,0.897461,0.791992
crowspairs,1317,0,0.81543,0.895508,0.790527
crowspairs,1317,1,0.759766,0.823242,0.76709
crowspairs,1317,2,0.882812,0.759766,0.717285
crowspairs,1322,0,0.865234,0.969238,0.866211
crowspairs,1322,1,0.860352,0.956543,0.850586
crowspairs,1322,2,0.880371,0.850586,0.946777
crowspairs,1336,0,0.873535,0.862793,0.811523
crowspairs,1336,1,0.835938,0.882812,0.856445
crowspairs,1336,2,0.732422,0.935547,0.659668
crowspairs,1340,0,0.988281,0.959961,0.959473
crowspairs,1340,1,0.989258,0.973145,0.970215
crowspairs,1340,2,0.992188,0.965332,0.964355
crowspairs,1349,0,0.962402,0.846191,0.83252
crowspairs,1349,1,0.980957,0.798828,0.785645
crowspairs,1349,2,0.944824,0.84082,0.819336
crowspairs,1350,0,0.634277,0.692871,0.777832
crowspairs,1350,1,0.669922,0.661133,0.884277
crowspairs,1350,2,0.612305,0.676758,0.804688
crowspairs,1352,0,0.799316,0.864746,0.855957
crowspairs,1352,1,0.71875,0.897949,0.733398
crowspairs,1352,2,0.756836,0.828125,0.770996
crowspairs,1356,0,0.957031,0.952148,0.933594
crowspairs,1356,1,0.827637,0.828613,0.837402
crowspairs,1356,2,0.953125,0.907715,0.87793
crowspairs,1358,0,0.944336,0.963867,0.944336
crowspairs,1358,1,0.910156,0.904297,0.88623
crowspairs,1358,2,0.937988,0.867188,0.812012
crowspairs,1362,0,0.97168,0.978516,0.963867
crowspairs,1362,1,0.977051,0.990234,0.980957
crowspairs,1362,2,0.910645,0.96582,0.945801
crowspairs,1366,0,0.967285,0.95459,0.93457
crowspairs,1366,1,0.939941,0.982422,0.931641
crowspairs,1366,2,0.960938,0.967773,0.954102
crowspairs,1376,0,0.833008,0.866211,0.822266
crowspairs,1376,1,0.902344,0.87207,0.841797
crowspairs,1376,2,0.957031,0.882324,0.839844
crowspairs,1378,0,0.951172,0.886719,0.927734
crowspairs,1378,1,0.92627,0.968262,0.897461
crowspairs,1378,2,0.958984,0.874023,0.879395
crowspairs,1386,0,0.880859,0.974609,0.879395
crowspairs,1386,1,0.91748,0.973145,0.887695
crowspairs,1386,2,0.879883,0.948242,0.839844
crowspairs,1388,0,0.909668,0.931152,0.962402
crowspairs,1388,1,0.913574,0.922852,0.95752
crowspairs,1388,2,0.897949,0.912109,0.960938
crowspairs,1391,0,0.756348,0.839355,0.695801
crowspairs,1391,1,0.674805,0.708008,0.641113
crowspairs,1391,2,0.725098,0.796387,0.670898
crowspairs,1393,0,0.949707,0.978027,0.952148
crowspairs,1393,1,0.960938,0.986328,0.958984
crowspairs,1393,2,0.915039,0.958984,0.897949
crowspairs,1394,0,0.963867,0.745605,0.724609
crowspairs,1394,1,0.913574,0.765137,0.746582
crowspairs,1394,2,0.974121,0.834961,0.819336
crowspairs,1396,0,0.955566,0.970215,0.944336
crowspairs,1396,1,0.950195,0.995605,0.94873
crowspairs,1396,2,0.956055,0.98291,0.948242
crowspairs,1402,0,0.937012,0.770996,0.761719
crowspairs,1402,1,0.891602,0.765137,0.744141
crowspairs,1402,2,0.802246,0.73291,0.618164
crowspairs,1404,0,0.641113,0.72168,0.893066
crowspairs,1404,1,0.602539,0.556152,0.859863
crowspairs,1404,2,0.729004,0.703613,0.885742
crowspairs,1409,0,0.851074,0.901367,0.896973
crowspairs,1409,1,0.913086,0.905273,0.953125
crowspairs,1409,2,0.899902,0.928711,0.935059
crowspairs,1417,0,0.974121,0.931152,0.914551
crowspairs,1417,1,0.970703,0.938965,0.942383
crowspairs,1417,2,0.945312,0.904297,0.889648
crowspairs,1421,0,0.859375,0.758301,0.813477
crowspairs,1421,1,0.800781,0.779785,0.826172
crowspairs,1421,2,0.838867,0.765137,0.742188
crowspairs,1434,0,0.991211,0.938965,0.944336
crowspairs,1434,1,0.98291,0.953125,0.95459
crowspairs,1434,2,0.991699,0.945801,0.947754
crowspairs,1441,0,0.717285,0.729492,0.618164
crowspairs,1441,1,0.587891,0.648926,0.59375
crowspairs,1441,2,0.646973,0.625,0.583008
crowspairs,1442,0,0.946289,0.936035,0.950684
crowspairs,1442,1,0.927734,0.916016,0.958008
crowspairs,1442,2,0.925781,0.949219,0.948242
crowspairs,1444,0,0.987793,0.936035,0.941895
crowspairs,1444,1,0.981934,0.923828,0.922363
crowspairs,1444,2,0.976562,0.928711,0.956543
crowspairs,1452,0,0.853516,0.793945,0.855957
crowspairs,1452,1,0.873047,0.794922,0.774414
crowspairs,1452,2,0.803223,0.781738,0.8125
crowspairs,1454,0,0.969727,0.993164,0.968262
crowspairs,1454,1,0.965332,0.982422,0.964844
crowspairs,1454,2,0.992188,0.962891,0.96875
crowspairs,1469,0,0.918945,0.680664,0.671387
crowspairs,1469,1,0.896973,0.724121,0.771484
crowspairs,1469,2,0.963867,0.893555,0.865234
crowspairs,1471,0,0.949707,0.847656,0.894531
crowspairs,1471,1,0.983398,0.87793,0.877441
crowspairs,1471,2,0.96875,0.806641,0.829102
crowspairs,1474,0,0.966309,0.99707,0.965332
crowspairs,1474,1,0.922852,0.92334,0.998047
crowspairs,1474,2,0.994141,0.945801,0.938965
crowspairs,1478,0,0.89209,0.753418,0.804688
crowspairs,1478,1,0.945312,0.737793,0.736816
crowspairs,1478,2,0.974609,0.704102,0.690918
crowspairs,1479,0,0.918457,0.914062,0.958984
crowspairs,1479,1,0.899902,0.898926,0.947266
crowspairs,1479,2,0.921875,0.891113,0.939941
crowspairs,1485,0,0.96582,0.930176,0.943848
crowspairs,1485,1,0.939453,0.918945,0.94043
crowspairs,1485,2,0.981934,0.937988,0.930176
crowspairs,1491,0,0.898926,0.850098,0.845703
crowspairs,1491,1,0.790039,0.84375,0.749023
crowspairs,1491,2,0.757324,0.871094,0.76416
crowspairs,1492,0,0.784668,0.84375,0.742676
crowspairs,1492,1,0.751953,0.900391,0.708984
crowspairs,1492,2,0.736328,0.85498,0.652832
crowspairs,1494,0,0.994141,0.981445,0.979004
crowspairs,1494,1,0.992188,0.971191,0.974609
crowspairs,1494,2,0.983398,0.947266,0.965332
crowspairs,1495,0,0.940918,0.986328,0.941895
crowspairs,1495,1,0.937012,0.985352,0.933594
crowspairs,1495,2,0.923828,0.987305,0.905762
crowspairs,1499,0,0.955566,0.786133,0.815918
crowspairs,1499,1,0.927734,0.806152,0.845215
crowspairs,1499,2,0.94873,0.794434,0.831055
crowspairs,1501,0,0.933105,0.904297,0.875977
crowspairs,1501,1,0.913574,0.908691,0.922852
crowspairs,1501,2,0.909668,0.888672,0.916016
crowspairs,1505,0,0.940918,0.918457,0.847168
crowspairs,1505,1,0.936523,0.92627,0.858398
crowspairs,1505,2,0.898438,0.921875,0.813477
